,year_state,year,state_id,total_non_renew_gen,total_renew_gen,total_generation,PercentageRenewable,PercentageNonRenewable
0,2004_AK,2004,AK,5019476.93,1507234.29,6526711.22,23.093319731710146,76.90668026828985
1,2004_AL,2004,AL,122803647.2979,14524489.4221,137328136.72,10.576484738676792,89.42351526132322
2,2004_AR,2004,AR,46245778.07,5579442.75,51825220.82,10.765883216163399,89.2341167838366
3,2004_AZ,2004,AZ,91929737.78,6967969.23,98897707.01,7.045632745858746,92.95436725414125
4,2004_CA,2004,CA,136588036.732,56221539.278,192809576.01,29.159101140850023,70.84089885914999
5,2004_CO,2004,CO,46607508.05,1257982.88,47865490.93,2.6281624936004806,97.37183750639952
6,2004_CT,2004,CT,31144789.748,1418010.382,32562800.13,4.354694241093817,95.64530575890619
7,2004_DC,2004,DC,36487.0,0.0,36487.0,0.0,100.0
8,2004_DE,2004,DE,7502541.54,0.0,7502541.54,0.0,100.0
9,2004_FL,2004,FL,209720993.877,5409790.183,215130784.06,2.514651822907506,97.48534817709249
10,2004_GA,2004,GA,120734333.6524,5990910.0676,126725243.72,4.727479617902289,95.27252038209771
11,2004_HI,2004,HI,10721368.31,692096.56,11413464.870000001,6.063860255260066,93.93613974473993
12,2004_IA,2004,IA,41142382.42,2097775.44,43240157.86,4.851451853603385,95.14854814639662
13,2004_ID,2004,ID,1827647.11,8906759.62,10734406.729999999,82.97393460141416,17.026065398585846
14,2004_IL,2004,IL,191053294.06,811026.5599999999,191864320.62,0.4227083792229884,99.577291620777
15,2004_IN,2004,IN,126774679.85,587194.72,127361874.57,0.461044344693018,99.53895565530698
16,2004_KS,2004,KS,46411474.18,369426.0,46780900.18,0.7896940815130762,99.21030591848692
17,2004_KY,2004,KY,90338067.48,4191879.23,94529946.71000001,4.4344457771248855,95.56555422287512
18,2004_LA,2004,LA,87603401.39,4088650.89,91692052.28,4.45911154601981,95.54088845398019
19,2004_MA,2004,MA,44956861.26,1934259.9,46891121.16,4.1250024570749675,95.87499754292503
20,2004_MD,2004,MD,48880045.728,3172722.352,52052768.08,6.095203903707555,93.90479609629246
21,2004_ME,2004,ME,11724355.2177,7139307.1023,18863662.32,37.84687713970911,62.1531228602909
22,2004_MI,2004,MI,115350469.361,3023680.959,118374150.32000001,2.554342270526212,97.44565772947378
23,2004_MN,2004,MN,49700203.278,2681040.482,52381243.76,5.1183215394502115,94.8816784605498
24,2004_MO,2004,MO,86000005.79,1222395.45,87222401.24000001,1.4014696140232057,98.59853038597679
25,2004_MS,2004,MS,38769314.17,1567492.4300000002,40336806.6,3.886010227691153,96.11398977230886
26,2004_MT,2004,MT,17866494.96,8909852.99,26776347.950000003,33.275086679623165,66.72491332037683
27,2004_NC,2004,NC,118931395.524,7254881.036,126186276.56,5.749342348294424,94.25065765170558
28,2004_ND,2004,ND,29575621.83,1765989.68,31341611.509999998,5.634648618615336,94.36535138138467
29,2004_NE,2004,NE,31017735.45,990968.28,32008703.73,3.095933807126403,96.9040661928736
30,2004_NH,2004,NH,21640398.328,2252460.582,23892858.91,9.427338061487761,90.57266193851224
31,2004_NJ,2004,NJ,55017310.032,663099.628,55680409.66,1.1909029262698856,98.80909707373011
32,2004_NM,2004,NM,32287947.91,652411.8,32940359.71,1.980584929076963,98.01941507092303
33,2004_NV,2004,NV,34754806.95,2798207.57,37553014.52,7.4513527229877345,92.54864727701226
34,2004_NY,2004,NY,112089152.21,25347495.12,137436647.32999998,18.443039474862896,81.55696052513711
35,2004_OH,2004,OH,147246618.93,828896.88,148075515.81,0.5597798362989204,99.44022016370108
36,2004_OK,2004,OK,57076331.29,3564888.6,60641219.89,5.878655816071183,94.12134418392881
37,2004_OR,2004,OR,17126864.37,34399441.72,51526306.09,66.76093112499693,33.23906887500307
38,2004_PA,2004,PA,209668977.9979,4993251.8321,214662229.83,2.326097067031478,97.67390293296853
39,2004_RI,2004,RI,4832432.12,5460.96,4837893.08,0.11287888983276166,99.88712111016724
40,2004_SC,2004,SC,94884140.132,2950197.548,97834337.67999999,3.0155031637763114,96.9844968362237
41,2004_SD,2004,SD,3755026.66,3755187.0,7510213.66,50.001067479616815,49.998932520383185
42,2004_TN,2004,TN,87404312.44,10173932.24,97578244.67999999,10.426434983909163,89.57356501609084
43,2004_TX,2004,TX,374994212.37,5665121.35,380659333.72,1.4882391808543092,98.51176081914569
44,2004_UT,2004,UT,37562364.888,649609.822,38211974.70999999,1.700016361180095,98.29998363881991
45,2004_VA,2004,VA,73340921.985,3037580.735,76378502.72,3.97701005757553,96.02298994242447
46,2004_VT,2004,VT,3879043.81,1591332.26,5470376.07,29.089997463373663,70.91000253662632
47,2004_WA,2004,WA,28239882.5,73307911.52,101547794.02,72.19055049641146,27.80944950358854
48,2004_WI,2004,WI,57286826.690799996,3256418.4592,60543245.15,5.378665202256672,94.62133479774333
49,2004_WV,2004,WV,88268019.98,1753559.61,90021579.59,1.947932504613364,98.05206749538664
50,2004_WY,2004,WY,43597131.96,1209661.2,44806793.160000004,2.69972723930596,97.30027276069403
51,2005_AK,2005,AK,5106869.39,1469783.73,6576653.119999999,22.348506195808003,77.651493804192
52,2005_AL,2005,AL,123960152.6447,13364866.09,137325018.7347,9.732287833012977,90.26771216698704
53,2005_AR,2005,AR,42956600.03,4837906.53,47794506.56,10.122306679590082,89.87769332040992
54,2005_AZ,2005,AZ,94887229.94,6578704.96,101465934.89999999,6.483658743679502,93.5163412563205
55,2005_CA,2005,CA,136540084.9447,63384664.7554,199924749.7001,31.704261153499548,68.29573884650046
56,2005_CO,2005,CO,47528393.78,2103791.84,49632185.620000005,4.2387652562941875,95.7612347437058
57,2005_CT,2005,CT,32362251.3256,1187492.5944,33549743.919999998,3.539498236503977,96.46050176349603
58,2005_DC,2005,DC,226042.0,0.0,226042.0,0.0,100.0
59,2005_DE,2005,DE,8136567.06,0.0,8136567.06,0.0,100.0
60,2005_FL,2005,FL,215248572.6484,4597291.6343,219845864.2827,2.0911431057844867,97.90885689421552
61,2005_GA,2005,GA,129600775.8215,7016666.2085,136617442.03,5.1359958905973375,94.86400410940267
62,2005_HI,2005,HI,10897273.991,625529.199,11522803.190000001,5.428620004053024,94.57137999594697
63,2005_IA,2005,IA,41264444.059,2722634.671,43987078.730000004,6.189623747719152,93.81037625228083
64,2005_ID,2005,ID,1705822.14,9119157.42,10824979.56,84.2417980510256,15.758201948974392
65,2005_IL,2005,IL,193202299.74,954801.02,194157100.76000002,0.4917672422293951,99.5082327577706
66,2005_IN,2005,IN,129785613.4427,504749.4273,130290362.87,0.3874035010583434,99.61259649894166
67,2005_KS,2005,KS,45425529.68,437160.0,45862689.68,0.9531931141636436,99.04680688583636
68,2005_KY,2005,KY,94438840.79,3383577.5100000002,97822418.30000001,3.458897836305075,96.54110216369493
69,2005_LA,2005,LA,89193455.4728,3486906.77,92680362.2428,3.762292988092939,96.23770701190708
70,2005_MA,2005,MA,45731750.813599996,1762977.2064,47494728.019999996,3.71194294587309,96.28805705412691
71,2005_MD,2005,MD,50385082.9882,2253516.3219,52638599.310100004,4.281109967657532,95.71889003234246
72,2005_ME,2005,ME,9630470.443,7945268.707,17575739.15,45.205886587136796,54.79411341286321
73,2005_MI,2005,MI,118755748.4005,2889495.9196,121645244.3201,2.3753463900294505,97.62465360997055
74,2005_MN,2005,MN,49548036.6503,3358048.1697,52906084.82,6.347187060098921,93.65281293990108
75,2005_MO,2005,MO,89602622.385,1254506.85,90857129.235,1.3807467400331845,98.61925325996683
76,2005_MS,2005,MS,43507378.73,1568314.12,45075692.849999994,3.479290102581308,96.5207098974187
77,2005_MT,2005,MT,18286183.39,9652592.92,27938776.310000002,34.54908981301765,65.45091018698234
78,2005_NC,2005,NC,122353810.5862,7379914.7038,129733725.28999999,5.688509049827502,94.3114909501725
79,2005_ND,2005,ND,30360456.62,1572158.01,31932614.630000003,4.923361360215682,95.07663863978432
80,2005_NE,2005,NE,30454703.6033,1010726.07,31465429.6733,3.212179463284596,96.7878205367154
81,2005_NH,2005,NH,21733594.9647,2680834.8653,24414429.83,10.980534396940287,89.01946560305971
82,2005_NJ,2005,NJ,60021746.3506,586933.2038,60608679.5544,0.9683979392311155,99.03160206076889
83,2005_NM,2005,NM,34171373.93,964266.69,35135640.62,2.7444118649458114,97.2555881350542
84,2005_NV,2005,NV,37956125.9901,2965086.22,40921212.210099995,7.245841606002499,92.7541583939975
85,2005_NY,2005,NY,121133023.5853,26936556.5989,148069580.1842,18.191823442323983,81.80817655767602
86,2005_OH,2005,OH,156053129.62,914830.73,156967960.35,0.5828136697197008,99.4171863302803
87,2005_OK,2005,OK,66669985.4344,3613525.69,70283511.1244,5.1413562472770495,94.85864375272294
88,2005_OR,2005,OR,16958869.0494,32560442.2506,49519311.3,65.75301916729201,34.24698083270799
89,2005_PA,2005,PA,214216226.8855,3791112.5045,218007339.39000002,1.7389838870139882,98.26101611298601
90,2005_RI,2005,RI,6046559.42,6733.95,6053293.37,0.11124440182221004,99.8887555981778
91,2005_SC,2005,SC,98992543.9413,3522117.4887,102514661.43,3.4357207443005646,96.56427925569943
92,2005_SD,2005,SD,3288098.49,3232670.0,6520768.49,49.57498498769736,50.425015012302644
93,2005_TN,2005,TN,87746979.72,9272369.42,97019349.14,9.55723729564488,90.44276270435512
94,2005_TX,2005,TX,390563255.0932,6666967.0,397230222.0932,1.6783634852525808,98.32163651474742
95,2005_UT,2005,UT,37188813.77,969263.4,38158077.17,2.5401264211553034,97.45987357884471
96,2005_VA,2005,VA,76291028.0278,2520087.7522,78811115.78,3.1976298359165294,96.80237016408346
97,2005_VT,2005,VT,4083965.6,1632786.29,5716751.890000001,28.561433510104635,71.43856648989536
98,2005_WA,2005,WA,27809545.4122,74166041.3078,101975586.72,72.72921264129795,27.27078735870204
99,2005_WI,2005,WI,58874745.9681,2965598.862,61840344.8301,4.795572971249883,95.20442702875012
100,2005_WV,2005,WV,91998354.56,1602170.55,93600525.11,1.7117110701217946,98.2882889298782
101,2005_WY,2005,WY,44041666.85,1525638.73,45567305.58,3.3480994993691704,96.65190050063084
102,2007_AK,2007,AK,5518939.052,1302452.566,6821391.618000001,19.09364890535156,80.90635109464843
103,2007_AL,2007,AL,135889536.703,7936734.123,143826270.826,5.51827846013042,94.48172153986958
104,2007_AR,2007,AR,49706134.639,4890100.924,54596235.563,8.956846334867146,91.04315366513285
105,2007_AZ,2007,AZ,106576249.394,6764720.874,113340970.26799999,5.968469175801569,94.03153082419843
106,2007_CA,2007,CA,158690345.9605,52469158.1537,211159504.1142,24.848115823062102,75.1518841769379
107,2007_CO,2007,CO,51021191.389,2886300.74,53907492.129,5.354173651953825,94.64582634804617
108,2007_CT,2007,CT,32134804.6139,1029654.6131,33164459.226999998,3.104692906500743,96.89530709349926
109,2007_DC,2007,DC,75251.0,0.0,75251.0,0.0,100.0
110,2007_DE,2007,DE,8486047.254,48116.001000000004,8534163.255,0.5638045530920652,99.43619544690793
111,2007_FL,2007,FL,226780008.9741,4363703.5404,231143712.5145,1.8878746442762353,98.11212535572376
112,2007_GA,2007,GA,139778732.4419,5222147.7761,145000880.21800002,3.6014593623492615,96.39854063765073
113,2007_HI,2007,HI,10697644.6348,835704.9442,11533349.579,7.245986419432366,92.75401358056764
114,2007_IA,2007,IA,45919976.4721,3870378.4909,49790354.963,7.773349866206296,92.2266501337937
115,2007_ID,2007,ID,1809552.107,9674538.521,11484090.628,84.24296563292498,15.757034367075008
116,2007_IL,2007,IL,198818824.8675,1438479.581,200257304.4485,0.7183156614244414,99.28168433857556
117,2007_IN,2007,IN,130010524.6027,680049.5715,130690574.1742,0.5203508943143433,99.47964910568565
118,2007_KS,2007,KS,48959156.721,1163039.0,50122195.721,2.3204071235704355,97.67959287642957
119,2007_KY,2007,KY,95091109.366,2134210.042,97225319.40799999,2.1951175424211473,97.80488245757886
120,2007_LA,2007,LA,88771803.762,3806524.961,92578328.72299999,4.111680361382797,95.8883196386172
121,2007_MA,2007,MA,45897447.8275,1151061.6605,47048509.488,2.4465422454957584,97.55345775450425
122,2007_MD,2007,MD,47963737.9139,2234185.9061,50197923.82,4.450753609076257,95.54924639092374
123,2007_ME,2007,ME,8195681.7649,7932885.6701,16128567.434999999,49.185308627504895,50.81469137249511
124,2007_MI,2007,MI,115349366.3243,2544498.8536,117893865.1779,2.1582962351436956,97.84170376485632
125,2007_MN,2007,MN,49970265.815,4565088.7055,54535354.5205,8.370879305064333,91.62912069493568
126,2007_MO,2007,MO,89516809.2364,1617108.379,91133917.61539999,1.7744308829391726,98.22556911706084
127,2007_MS,2007,MS,48539998.7888,1314975.5559999999,49854974.3448,2.637601509742137,97.36239849025786
128,2007_MT,2007,MT,18960436.306,9971056.73,28931493.036000002,34.46436973575068,65.53563026424932
129,2007_NC,2007,NC,125338735.596,4792305.1632,130131040.7592,3.6826764277309403,96.31732357226906
130,2007_ND,2007,ND,29284433.163,1939671.878,31224105.040999997,6.212097594000021,93.78790240599997
131,2007_NE,2007,NE,31815966.793,1099904.265,32915871.058000002,3.341562078250622,96.65843792174937
132,2007_NH,2007,NH,20870879.261,2384109.364,23254988.625,10.252034100919712,89.74796589908028
133,2007_NJ,2007,NJ,62112363.956,558881.01,62671244.966,0.8917662483060621,99.10823375169394
134,2007_NM,2007,NM,34297398.465,1677210.936,35974609.401,4.662207495582642,95.33779250441737
135,2007_NV,2007,NV,29514016.8372,3299848.997,32813865.834200002,10.056264061276064,89.94373593872393
136,2007_NY,2007,NY,117355937.8801,27196374.9894,144552312.86949998,18.814209506251586,81.18579049374843
137,2007_OH,2007,OH,154082859.277,564147.6900000001,154647006.967,0.3647970310349317,99.63520296896507
138,2007_OK,2007,OK,69785024.246,5028796.6983,74813820.94430001,6.721748247618596,93.27825175238141
139,2007_OR,2007,OR,19264948.196,35812845.741,55077793.93699999,65.02229515939591,34.977704840604105
140,2007_PA,2007,PA,221848016.9638,3992081.3612,225840098.32500002,1.767658352439747,98.23234164756025
141,2007_RI,2007,RI,6890722.95,159121.0,7049843.95,2.2570854210184326,97.74291457898157
142,2007_SC,2007,SC,101062976.0857,2339165.5733,103402141.65900001,2.262202248203049,97.73779775179695
143,2007_SD,2007,SD,3069303.505,2592865.0,5662168.505,45.79279118433796,54.20720881566204
144,2007_TN,2007,TN,89907645.348,5205763.401,95113408.749,5.473217151472065,94.52678284852794
145,2007_TX,2007,TX,393570778.8821,11932048.903,405502827.7851,2.9425316139406807,97.05746838605933
146,2007_UT,2007,UT,44639188.094,733386.619,45372574.713,1.6163654446303053,98.3836345553697
147,2007_VA,2007,VA,76202032.2354,2158474.8636,78360507.099,2.754544276842161,97.24545572315783
148,2007_VT,2007,VT,4713428.218,1110153.287,5823581.505000001,19.063067736698567,80.93693226330141
149,2007_WA,2007,WA,24390646.3358,82599584.361,106990230.6968,77.20292200797218,22.797077992027834
150,2007_WI,2007,WI,60546043.7471,2818831.7129,63364875.46,4.448571377181083,95.55142862281892
151,2007_WV,2007,WV,92511124.09200001,1421984.998,93933109.09,1.5138272455535942,98.48617275444641
152,2007_WY,2007,WY,44149181.385,1484305.002,45633486.386999995,3.252666231574292,96.74733376842572
153,2009_AK,2009,AK,5364876.564,1337282.825,6702159.389,19.953014355266326,80.04698564473367
154,2009_AL,2009,AL,127402404.3251,15951482.083,143353886.4081,11.127345398637678,88.87265460136233
155,2009_AR,2009,AR,51579117.909,5878621.122,57457739.031,10.231208573710715,89.76879142628928
156,2009_AZ,2009,AZ,105170537.05,6800713.202,111971250.252,6.0736244229607745,93.92637557703922
157,2009_CA,2009,CA,151164984.7088,53602754.9782,204767739.68699998,26.177343687113552,73.82265631288647
158,2009_CO,2009,CO,45645749.648,4862723.954,50508473.602,9.627540900003458,90.37245909999655
159,2009_CT,2009,CT,29975422.4413,1230799.5907,31206222.032,3.944083937613124,96.05591606238687
160,2009_DC,2009,DC,35499.0,0.0,35499.0,0.0,100.0
161,2009_DE,2009,DE,4715951.506,125611.355,4841562.8610000005,2.5944381722652174,97.40556182773477
162,2009_FL,2009,FL,213668119.9722,4456985.1504,218125105.12260002,2.0433159896449764,97.95668401035502
163,2009_GA,2009,GA,122341617.859,6356758.585,128698376.44399999,4.939268668836697,95.06073133116331
164,2009_HI,2009,HI,10203661.623,806871.271,11010532.894,7.328176381360166,92.67182361863983
165,2009_IA,2009,IA,43312710.4438,8537923.1022,51850633.546000004,16.466381446671164,83.53361855332884
166,2009_ID,2009,ID,1798571.712,11301580.136,13100151.848,86.27060409017635,13.729395909823658
167,2009_IL,2009,IL,190198224.91,3666132.359,193864357.269,1.8910811717251312,98.10891882827487
168,2009_IN,2009,IN,114509556.6599,2208079.6689999998,116717636.3289,1.8918132155947933,98.1081867844052
169,2009_KS,2009,KS,43801243.0,2876064.55,46677307.55,6.161590505020464,93.83840949497954
170,2009_KY,2009,KY,86949251.337,3681175.283,90630426.62,4.0617433022075735,95.93825669779243
171,2009_LA,2009,LA,87393365.852,3600310.2509999997,90993676.103,3.9566598528502577,96.04334014714973
172,2009_MA,2009,MA,37196503.9282,1839629.9177,39036133.8459,4.712633492246359,95.28736650775365
173,2009_MD,2009,MD,41354471.4703,2420360.5097,43774831.98,5.529114334021483,94.47088566597853
174,2009_ME,2009,ME,8212706.1404,8137142.5246,16349848.665,49.76891646721551,50.231083532784496
175,2009_MI,2009,MI,98120905.6372,3126090.8352,101246996.4724,3.0875887128683117,96.91241128713169
176,2009_MN,2009,MN,44943452.3675,7037686.3982,51981138.7657,13.538923088856706,86.4610769111433
177,2009_MO,2009,MO,85396060.969,2958210.644,88354271.61299999,3.3481240804714463,96.65187591952856
178,2009_MS,2009,MS,47277205.078,1424279.0320000001,48701484.11,2.9245084785979847,97.07549152140203
179,2009_MT,2009,MT,16291229.37,10421505.899,26712735.269,39.01324890189777,60.98675109810223
180,2009_NC,2009,NC,110802991.2814,7107091.2937,117910082.57509999,6.027551790724351,93.97244820927565
181,2009_ND,2009,ND,29712113.71,4484352.97,34196466.68,13.11349798785703,86.88650201214297
182,2009_NE,2009,NE,33119372.699,1466856.441,34586229.14,4.241157470686901,95.7588425293131
183,2009_NH,2009,NH,17290037.786,2874084.184,20164121.97,14.253455658897703,85.7465443411023
184,2009_NJ,2009,NJ,61062957.3426,753417.404,61816374.7466,1.2187990756307479,98.78120092436924
185,2009_NM,2009,NM,37822993.676,1851345.004,39674338.68,4.666353783316547,95.33364621668345
186,2009_NV,2009,NV,33436125.621,4269007.149,37705132.769999996,11.32208491358669,88.67791508641332
187,2009_NY,2009,NY,101610471.5396,31504992.9118,133115464.4514,23.667417637491972,76.33258236250803
188,2009_OH,2009,OH,134929069.228,1161156.01,136090225.23799998,0.8532251364631989,99.14677486353682
189,2009_OK,2009,OK,68712053.3791,6348498.88,75060552.25909999,8.457836625136657,91.54216337486335
190,2009_OR,2009,OR,19387789.5843,37303066.8457,56690856.43000001,65.80085254446738,34.199147455532625
191,2009_PA,2009,PA,214246054.8243,5285510.7376999995,219531565.56199998,2.4076313236181375,97.59236867638187
192,2009_RI,2009,RI,7547488.45,149336.0,7696824.45,1.9402287393991426,98.05977126060085
193,2009_SC,2009,SC,97023261.175,3102225.231,100125486.406,3.098337238953078,96.90166276104691
194,2009_SD,2009,SD,3337324.167,4785727.803,8123051.970000001,58.91539067673847,41.08460932326153
195,2009_TN,2009,TN,69204290.576,10512598.074,79716888.65,13.187416433368288,86.8125835666317
196,2009_TX,2009,TX,375915171.0442,22060026.03,397975197.07420003,5.543065545837784,94.45693445416221
197,2009_UT,2009,UT,42221482.6452,1248323.1149,43469805.7601,2.8717016169550242,97.12829838304498
198,2009_VA,2009,VA,67550235.9245,2531830.1385,70082066.06300001,3.612664809601961,96.38733519039803
199,2009_VT,2009,VT,5367477.696,1914870.614,7282348.3100000005,26.294685896450893,73.7053141035491
200,2009_WA,2009,WA,26444796.198,78011060.273,104455856.471,74.68328048667922,25.316719513320773
201,2009_WI,2009,WI,56413596.493,3733366.5184,60146963.0114,6.207074025819714,93.79292597418029
202,2009_WV,2009,WV,68394985.571,2387528.733,70782514.30399999,3.3730487769139312,96.62695122308608
203,2009_WY,2009,WY,42836435.89,3192776.58,46029212.47,6.936413657046433,93.06358634295357
204,2010_AK,2010,AK,5306979.032,1440199.349,6747178.380999999,21.345209325658114,78.6547906743419
205,2010_AL,2010,AL,140705591.285,11444920.77,152150512.055,7.522104668213565,92.47789533178643
206,2010_AR,2010,AR,55716821.858,5277759.685,60994581.543000005,8.652833664051423,91.34716633594857
207,2010_AZ,2010,AZ,104586118.202,7164638.373,111750756.575,6.411266100191053,93.58873389980896
208,2010_CA,2010,CA,145542605.2542,58724747.2897,204267352.5439,28.74896382527854,71.25103617472146
209,2010_CO,2010,CO,45748324.9323,5010780.563,50759105.4953,9.871688072722181,90.12831192727782
210,2010_CT,2010,CT,32251626.8823,1097996.4277,33349623.310000002,3.2923802991524695,96.70761970084753
211,2010_DC,2010,DC,199858.0,0.0,199858.0,0.0,100.0
212,2010_DE,2010,DE,5489447.581,138197.419,5627645.0,2.4556882852418727,97.54431171475814
213,2010_FL,2010,FL,224695194.2189,4572022.2651,229267216.484,1.9941892849818197,98.00581071501819
214,2010_GA,2010,GA,131350873.498,6226067.766,137576941.264,4.525516928053107,95.47448307194689
215,2010_HI,2010,HI,10028926.339,807109.627,10836035.966,7.448384534090241,92.55161546590975
216,2010_IA,2010,IA,47215820.0487,10290790.5403,57506610.589,17.894969699828643,82.10503030017135
217,2010_ID,2010,ID,1856310.233,10168253.87,12024564.103,84.56234906230928,15.43765093769071
218,2010_IL,2010,IL,196096377.812,5256702.157,201353079.969,2.6106887254018227,97.38931127459819
219,2010_IN,2010,IN,121530780.649,3693880.4127,125224661.0617,2.949802683738127,97.05019731626187
220,2010_KS,2010,KS,44451195.68,3472564.56,47923760.24,7.24601855657727,92.75398144342273
221,2010_KY,2010,KY,95220547.9154,3020120.742,98240668.6574,3.0742062154851886,96.92579378451481
222,2010_LA,2010,LA,100146121.6715,3576570.433,103722692.1045,3.448204400052234,96.55179559994777
223,2010_MA,2010,MA,41119528.2902,1871547.228,42991075.5182,4.35333893242027,95.64666106757973
224,2010_MD,2010,MD,41386443.3784,2220740.1666,43607183.545,5.092601690976738,94.90739830902325
225,2010_ME,2010,ME,9068746.157,7949913.481,17018659.638,46.71292363852844,53.28707636147156
226,2010_MI,2010,MI,108501204.5962,3050166.6938,111551371.29,2.734315731422507,97.26568426857749
227,2010_MN,2010,MN,46205442.5137,7432174.9723,53637617.486,13.856273489850434,86.14372651014956
228,2010_MO,2010,MO,88897933.167,3414630.248,92312563.41499999,3.6989875718749157,96.30101242812509
229,2010_MS,2010,MS,52981786.744,1504264.936,54486051.68,2.760825733592594,97.23917426640742
230,2010_MT,2010,MT,19382691.246,10344895.32,29727586.566,34.798974673011806,65.20102532698819
231,2010_NC,2010,NC,122191821.9513,7238370.837,129430192.7883,5.592490191866825,94.40750980813317
232,2010_ND,2010,ND,28589395.86,6120398.0,34709793.86,17.63305776083339,82.36694223916662
233,2010_NE,2010,NE,34822997.104,1807009.096,36630006.2,4.933138930235835,95.06686106976416
234,2010_NH,2010,NH,19490378.112,2705533.8479999998,22195911.96,12.189334021849309,87.81066597815068
235,2010_NJ,2010,NJ,65041306.546,641187.084,65682493.629999995,0.9761917499842645,99.02380825001573
236,2010_NM,2010,NM,34222447.4008,2071801.638,36294249.03879999,5.708346894807389,94.29165310519262
237,2010_NV,2010,NV,30702304.86,4443942.83,35146247.69,12.644145882077803,87.3558541179222
238,2010_NY,2010,NY,107265052.8916,29645428.5504,136910481.442,21.65314754441122,78.34685245558877
239,2010_OH,2010,OH,142469156.76,1127188.281,143596345.04099998,0.7849700357471928,99.2150299642528
240,2010_OK,2010,OK,65502380.0479,6815825.54,72318205.5879,9.4247713761587,90.5752286238413
241,2010_OR,2010,OR,19822274.3292,35304724.8188,55126999.148,64.04252973033606,35.95747026966395
242,2010_PA,2010,PA,223882947.337,5869008.631,229751955.96800002,2.55449778709063,97.44550221290936
243,2010_RI,2010,RI,7594940.0,143779.0,7738719.0,1.857917311637753,98.14208268836224
244,2010_SC,2010,SC,100838325.874,3314806.845,104153132.719,3.1826280770096327,96.81737192299038
245,2010_SD,2010,SD,3439085.5,6610550.63,10049636.129999999,65.779004776763,34.220995223237004
246,2010_TN,2010,TN,73932689.271,8005192.556,81937881.82699999,9.76983097134706,90.23016902865295
247,2010_TX,2010,TX,382142197.228,28841562.549,410983759.777,7.0176891088468905,92.9823108911531
248,2010_UT,2010,UT,40773188.0412,1476166.5508,42249354.592,3.4939387004967766,96.50606129950322
249,2010_VA,2010,VA,70765766.2598,2200689.7272,72966455.987,3.0160293485983254,96.98397065140168
250,2010_VT,2010,VT,4790764.405,1829225.595,6619990.0,27.63184831094911,72.36815168905089
251,2010_WA,2010,WA,28393224.139,74884766.334,103277990.473,72.50796223961886,27.492037760381137
252,2010_WI,2010,WI,59729112.6242,4584954.4608,64314067.085,7.129007180871244,92.87099281912874
253,2010_WV,2010,WV,78482414.234,2306533.0,80788947.234,2.855010591138507,97.14498940886149
254,2010_WY,2010,WY,43848573.795,4270680.04,48119253.835,8.875200049119798,91.1247999508802
255,2012_AK,2012,AK,5331416.124,1596878.372,6928294.495999999,23.048650326887028,76.95134967311297
256,2012_AL,2012,AL,142440381.845,10664835.108,153105216.953,6.9656902098077245,93.03430979019227
257,2012_AR,2012,AR,61104425.809,3901252.0640000002,65005677.873,6.001402018484878,93.99859798151512
258,2012_AZ,2012,AZ,102386504.087,8227609.274,110614113.361,7.438118901833432,92.56188109816657
259,2012_CA,2012,CA,141942134.832531,57247520.930569,199189655.7631,28.740207773969225,71.25979222603078
260,2012_CO,2012,CO,45111878.115,7436032.498,52547910.613000005,14.150957500031168,85.84904249996882
261,2012_CT,2012,CT,34554598.994173,1002738.406827,35557337.401,2.820060443555032,97.17993955644496
262,2012_DC,2012,DC,71786.78,0.0,71786.78,0.0,100.0
263,2012_DE,2012,DE,8502772.6398,131050.618,8633823.2578,1.5178746898902034,98.4821253101098
264,2012_FL,2012,FL,216376519.016228,4723410.536372,221099929.5526,2.136323854073546,97.86367614592645
265,2012_GA,2012,GA,117367144.664,4647599.589,122014744.253,3.8090475191777715,96.19095248082222
266,2012_HI,2012,HI,9424773.38976,1044495.30824,10469268.698,9.976774294077822,90.02322570592217
267,2012_IA,2012,IA,41738570.5973,14863575.0537,56602145.651,26.259737829280333,73.74026217071966
268,2012_ID,2012,ID,2044182.406,13454906.91,15499089.316,86.81095150610074,13.189048493899266
269,2012_IL,2012,IL,189081494.746,8440506.212,197522000.958,4.273198008861171,95.72680199113883
270,2012_IN,2012,IN,110898558.61216,3980408.73724,114878967.3494,3.4648716201754657,96.53512837982453
271,2012_KS,2012,KS,39161638.612,5124986.0,44286624.612,11.57231115466705,88.42768884533295
272,2012_KY,2012,KY,87262790.757,2694661.453,89957452.21,2.995484406016172,97.00451559398383
273,2012_LA,2012,LA,100237616.17300001,3109986.2260000003,103347602.399,3.009248549369436,96.99075145063057
274,2012_MA,2012,MA,33719335.34123,2478786.16977,36198121.511,6.847830954478503,93.15216904552149
275,2012_MD,2012,MD,35244766.07096,2563581.14104,37808347.212,6.780463389910746,93.21953661008926
276,2012_ME,2012,ME,6590801.750326,7829333.651674,14420135.401999999,54.29445309222347,45.70554690777654
277,2012_MI,2012,MI,103932650.87304,4233426.56796,108166077.441,3.913820920675573,96.08617907932442
278,2012_MN,2012,MN,42169320.11129,10024304.10971,52193624.221,19.205993565928196,80.7940064340718
279,2012_MO,2012,MO,89758029.513,2046291.897,91804321.41,2.2289712135240545,97.77102878647594
280,2012_MS,2012,MS,53075105.249,1509189.929,54584295.177999996,2.764879392650422,97.23512060734959
281,2012_MT,2012,MT,15259566.213,12535450.87,27795017.082999997,45.09963362342,54.90036637658001
282,2012_NC,2012,NC,110249906.019,6721320.592,116971226.611,5.746131580164113,94.25386841983588
283,2012_ND,2012,ND,28367876.886,7757282.0,36125158.886,21.473350537999348,78.52664946200065
284,2012_NE,2012,NE,31613476.71,2587338.206,34200814.916,7.565136130103081,92.43486386989692
285,2012_NH,2012,NH,16591490.412,2672944.53,19264434.942,13.87502170734575,86.12497829265425
286,2012_NJ,2012,NJ,64119888.952,1112675.166,65232564.118,1.7057050892362102,98.2942949107638
287,2012_NM,2012,NM,33839239.022,2796670.308,36635909.33,7.633686072341855,92.36631392765815
288,2012_NV,2012,NV,29764217.976,5378556.0,35142773.975999996,15.304870365877122,84.69512963412289
289,2012_NY,2012,NY,106304663.84071401,29357862.623286,135662526.46400002,21.640362588320606,78.35963741167939
290,2012_OH,2012,OH,127592948.12900001,2148470.216,129741418.34500001,1.6559632563033393,98.34403674369666
291,2012_OK,2012,OK,68345008.8717,9412658.805,77757667.6767,12.10511977305679,87.89488022694322
292,2012_OR,2012,OR,14305639.370765,46306920.039235,60612559.410000004,76.39822586273296,23.60177413726704
293,2012_PA,2012,PA,217133004.884575,6283426.467425,223416431.352,2.8124280874960594,97.18757191250394
294,2012_RI,2012,RI,8202874.853,106161.0,8309035.853,1.277657262264313,98.72234273773569
295,2012_SC,2012,SC,94087970.723,2667711.622,96755682.345,2.7571627395358433,97.24283726046417
296,2012_SD,2012,SD,3138574.954,8879147.0,12017721.954,73.88377792385727,26.116222076142737
297,2012_TN,2012,TN,68755084.918,8630851.623,77385936.541,11.15299757137044,88.84700242862957
298,2012_TX,2012,TX,395315408.4018,34381942.292,429697350.6938,8.001432225841297,91.9985677741587
299,2012_UT,2012,UT,37552750.48001,1847670.27799,39400420.758,4.689468392580154,95.31053160741985
300,2012_VA,2012,VA,68688345.64169,2050889.10531,70739234.747,2.899224330945956,97.10077566905404
301,2012_VT,2012,VT,4995296.522,1572824.48,6568121.002,23.946338374720458,76.05366162527953
302,2012_WA,2012,WA,19110833.704,97723589.957,116834423.661,83.64280568589024,16.357194314109762
303,2012_WI,2012,WI,58994570.052084,4748339.848916,63742909.901,7.4492047135763215,92.55079528642366
304,2012_WV,2012,WV,70685401.252,2728002.952,73413404.20400001,3.7159466742878027,96.2840533257122
305,2012_WY,2012,WY,44326029.105,5262577.0,49588606.105,10.612472124860506,89.3875278751395
306,2014_AK,2014,AK,4291935.949,1753206.682,6045142.631,29.001907630920215,70.99809236907979
307,2014_AL,2014,AL,137074382.466,12173720.241,149248102.707,8.156700165830003,91.84329983417
308,2014_AR,2014,AR,57355074.021,4237062.648,61592136.669,6.87922659798318,93.12077340201682
309,2014_AZ,2014,AZ,102219682.662,9961538.65,112181221.312,8.879862898171547,91.12013710182845
310,2014_CA,2014,CA,139358008.069,58256721.482,197614729.551,29.479948996901683,70.52005100309832
311,2014_CO,2014,CO,44555457.284,9291922.723,53847380.007,17.25603496733189,82.74396503266811
312,2014_CT,2014,CT,32467392.221,1197567.22,33664959.441,3.557310746501309,96.4426892534987
313,2014_DC,2014,DC,67612.16,0.0,67612.16,0.0,100.0
314,2014_DE,2014,DE,7467167.066,131080.38,7598247.4459999995,1.7251396579484337,98.27486034205157
315,2014_FL,2014,FL,224693162.407,5270593.867,229963756.27400002,2.2919237154571994,97.7080762845428
316,2014_GA,2014,GA,119240146.11299999,6565461.476,125805607.58899999,5.218735159603539,94.78126484039646
317,2014_HI,2014,HI,8904325.372,1299832.92,10204158.292,12.738266918292137,87.26173308170786
318,2014_IA,2014,IA,39401677.97,17444490.719,56846168.688999996,30.687188110138358,69.31281188986165
319,2014_ID,2014,ID,2647199.759,12455388.351,15102588.11,82.47188005314673,17.52811994685327
320,2014_IL,2014,IL,191306654.913,10827402.36,202134057.273,5.3565453076403795,94.64345469235961
321,2014_IN,2014,IN,111035532.038,4313488.643,115349020.68100001,3.7395104158959773,96.26048958410401
322,2014_KS,2014,KS,38807470.483,10920291.693,49727762.176,21.960151060790015,78.03984893920999
323,2014_KY,2014,KY,87304878.773,3591556.37,90896435.143,3.951262075734538,96.04873792426545
324,2014_LA,2014,LA,100311302.503,3869642.1520000002,104180944.655,3.714347345202617,96.28565265479739
325,2014_MA,2014,MA,28871116.683,2141271.251,31012387.934,6.904567476574247,93.09543252342574
326,2014_MD,2014,MD,35229255.043,2590189.95,37819444.993,6.848831204369652,93.15116879563034
327,2014_ME,2014,ME,5133746.63,8112048.852,13245795.482,61.242443785453574,38.75755621454642
328,2014_MI,2014,MI,99185783.02,7561799.2,106747582.22,7.083813087602876,92.91618691239712
329,2014_MN,2014,MN,44992844.79,11988479.084,56981323.874,21.039313004572403,78.9606869954276
330,2014_MO,2014,MO,85862342.334,1971635.579,87833977.913,2.2447299164258676,97.75527008357415
331,2014_MS,2014,MS,53619142.997999996,1507948.5590000001,55127091.557,2.7354038031206853,97.26459619687931
332,2014_MT,2014,MT,16788062.077,13469554.08,30257616.156999998,44.51624348101152,55.48375651898848
333,2014_NC,2014,NC,120032711.531,8104317.671,128137029.202,6.324727302850178,93.67527269714981
334,2014_ND,2014,ND,27726083.715,8736424.0,36462507.715,23.96001961325879,76.0399803867412
335,2014_NE,2014,NE,35472233.042,3958905.253,39431138.295,10.04004810457628,89.95995189542371
336,2014_NH,2014,NH,16204644.245,3333750.712,19538394.957,17.062561788401258,82.93743821159875
337,2014_NJ,2014,NJ,65231064.823,1313234.93,66544299.753,1.973474715151384,98.02652528484862
338,2014_NM,2014,NM,29394444.32,2911100.638,32305544.958,9.0111485250742,90.98885147492581
339,2014_NV,2014,NV,29344847.009,6456172.0,35801019.009,18.033486695942887,81.9665133040571
340,2014_NY,2014,NY,104781204.41600001,32041991.55,136823195.96600002,23.41853756870458,76.5814624312954
341,2014_OH,2014,OH,131980432.393,2503800.704,134484233.097,1.8617801108283625,98.13821988917164
342,2014_OK,2014,OK,56557641.126,13446121.115,70003762.241,19.20771210654281,80.7922878934572
343,2014_OR,2014,OR,15943114.791,44167697.386,60110812.177,73.47712630457477,26.522873695425233
344,2014_PA,2014,PA,212900764.874,8142927.336,221043692.21,3.6838541985011295,96.31614580149888
345,2014_RI,2014,RI,6009300.106,230378.35,6239678.455999999,3.6921509918266855,96.30784900817332
346,2014_SC,2014,SC,93031339.174,4127126.26,97158465.434,4.247829812424906,95.75217018757509
347,2014_SD,2014,SD,3160732.456,7834507.26,10995239.716,71.25362850069943,28.74637149930056
348,2014_TN,2014,TN,69956421.188,9550465.553,79506886.741,12.012123659314444,87.98787634068556
349,2014_TX,2014,TX,394935332.072,42322715.251,437258047.323,9.679116373068476,90.32088362693152
350,2014_UT,2014,UT,41895404.55,1889121.166,43784525.716,4.31458634096764,95.68541365903236
351,2014_VA,2014,VA,73625801.381,3511637.165,77137438.546,4.552442019326162,95.44755798067382
352,2014_VT,2014,VT,5068519.577,1956213.423,7024733.0,27.84751282361906,72.15248717638093
353,2014_WA,2014,WA,27767804.296,88504698.384,116272502.68,76.11833954204863,23.881660457951362
354,2014_WI,2014,WI,55299999.114,5734164.118,61034163.232,9.395007344007622,90.60499265599238
355,2014_WV,2014,WV,77664211.033,2693357.0,80357568.033,3.3517154213700615,96.64828457862994
356,2014_WY,2014,WY,44421716.039,5274467.15,49696183.188999996,10.613425038982626,89.38657496101737
357,2016_AK,2016,AK,4463563.883,1871469.626,6335033.509000001,29.54159000644995,70.45840999355005
358,2016_AL,2016,AL,132033788.291,10829451.789,142863240.07999998,7.580292721161698,92.41970727883832
359,2016_AR,2016,AR,55440279.51,5004779.891,60445059.401,8.2798824926247,91.72011750737529
360,2016_AZ,2016,AZ,97015271.518,11720012.01,108735283.52800001,10.778481123822171,89.22151887617783
361,2016_CA,2016,CA,118317752.804,79006083.402,197323836.206,40.03879354925985,59.96120645074016
362,2016_CO,2016,CO,42688476.889,11730003.06,54418479.949,21.55518322267205,78.44481677732796
363,2016_CT,2016,CT,34796100.449,1700459.478,36496559.927,4.659232216409545,95.34076778359045
364,2016_DC,2016,DC,23702.623,52771.377,76474.0,69.00564505583597,30.994354944164026
365,2016_DE,2016,DE,8606867.038999999,124393.55,8731260.589,1.4246917582177778,98.57530824178221
366,2016_FL,2016,FL,231728952.002,6497476.186,238226428.188,2.727437184623537,97.27256281537646
367,2016_GA,2016,GA,125546425.075,7355849.86,132902274.935,5.53478099874333,94.46521900125667
368,2016_HI,2016,HI,8313927.318,1634917.732,9948845.05,16.433241484648512,83.56675851535148
369,2016_IA,2016,IA,33151853.052,21244677.553,54396530.605000004,39.05520686101852,60.94479313898148
370,2016_ID,2016,ID,3415881.976,12245056.401,15660938.377,78.1885229749921,21.811477025007896
371,2016_IL,2016,IL,176125292.157,11312090.011,187437382.168,6.035130175292878,93.96486982470712
372,2016_IN,2016,IN,95755267.062,6003791.804,101759058.86600001,5.900007204180228,94.09999279581976
373,2016_KS,2016,KS,33397637.59,14202353.0,47599990.59,29.83688194884578,70.16311805115421
374,2016_KY,2016,KY,76318944.20899999,3954556.62,80273500.829,4.926353752060802,95.0736462479392
375,2016_LA,2016,LA,102862820.754,3979295.687,106842116.441,3.724463553843426,96.27553644615658
376,2016_MA,2016,MA,28855991.839,3095676.87,31951668.709000003,9.688623458742935,90.31137654125706
377,2016_MD,2016,MD,34168713.429,2998032.715,37166746.143999994,8.066438486125014,91.93356151387499
378,2016_ME,2016,ME,3929219.482,7585207.59,11514427.072,65.87568397949379,34.12431602050621
379,2016_MI,2016,MI,103969119.523,8152670.907,112121790.43,7.27126357484443,92.72873642515556
380,2016_MN,2016,MN,46144231.048,13892243.295,60036474.343,23.139672086057093,76.86032791394291
381,2016_MO,2016,MO,75870631.83,2740880.296,78611512.126,3.486614392567422,96.51338560743258
382,2016_MS,2016,MS,61357094.314,1524200.656,62881294.970000006,2.4239333123263123,97.57606668767367
383,2016_MT,2016,MT,15540658.657,12242870.24,27783528.897,44.06520959013942,55.93479040986058
384,2016_NC,2016,NC,120378700.554,10389452.024,130768152.57800001,7.94494058314615,92.05505941685385
385,2016_ND,2016,ND,27766918.718,10089533.0,37856451.717999995,26.652083177680986,73.34791682231902
386,2016_NE,2016,NE,31768227.873,5429615.289,37197843.162,14.596586327205936,85.40341367279406
387,2016_NH,2016,NH,15966414.425,3316078.674,19282493.099,17.19735439278842,82.80264560721159
388,2016_NJ,2016,NJ,75428157.274,2170040.303,77598197.577,2.7965086442203613,97.20349135577963
389,2016_NM,2016,NM,28374784.085,4547767.392,32922551.477,13.813532633329201,86.1864673666708
390,2016_NV,2016,NV,31121197.998,8107496.0,39228693.997999996,20.66725953306869,79.33274046693131
391,2016_NY,2016,NY,100479047.702,33611784.954,134090832.65600002,25.066430186341314,74.93356981365868
392,2016_OH,2016,OH,116388762.639,2533314.693,118922077.332,2.130230777862746,97.86976922213725
393,2016_OK,2016,OK,55726666.007,22928341.2,78655007.207,29.15051693995581,70.84948306004418
394,2016_OR,2016,OR,17209241.134,42972570.064,60181811.198,71.40458090006453,28.595419099935476
395,2016_PA,2016,PA,206551615.914,8514892.875,215066508.789,3.9591905420075855,96.04080945799241
396,2016_RI,2016,RI,6316786.014,248099.1,6564885.114,3.7791841851263204,96.22081581487369
397,2016_SC,2016,SC,93354965.119,3630798.368,96985763.487,3.743640548323026,96.25635945167697
398,2016_SD,2016,SD,3004034.73,7285381.0,10289415.73,70.80461312063245,29.19538687936754
399,2016_TN,2016,TN,72220787.032,7119846.217,79340633.24900001,8.973770343696792,91.02622965630319
400,2016_TX,2016,TX,392655047.7,61286294.332,453941342.032,13.500928128216113,86.49907187178388
401,2016_UT,2016,UT,34924494.358,3209433.667,38133928.025000006,8.416215777446125,91.58378422255386
402,2016_VA,2016,VA,87671511.34,4883305.551,92554816.891,5.276122534768745,94.72387746523125
403,2016_VT,2016,VT,5982.171,1905224.923,1911207.094,99.68699514465071,0.3130048553492864
404,2016_WA,2016,WA,25632937.041,88453645.178,114086582.21900001,77.53203177583569,22.4679682241643
405,2016_WI,2016,WI,59170896.659,5795714.465,64966611.124,8.921066321187475,91.07893367881253
406,2016_WV,2016,WV,72872566.87099999,3070401.0,75942967.87099999,4.043035301458742,95.95696469854126
407,2016_WY,2016,WY,41293804.278,5362826.19,46656630.467999995,11.494242374999967,88.50575762500003
408,2018_AK,2018,AK,4379586.247,1864713.905,6244300.152000001,29.862656496464968,70.13734350353504
409,2018_AL,2018,AL,128274489.546,14946770.028,143221259.574,10.436139210378371,89.56386078962163
410,2018_AR,2018,AR,63381227.773,4618123.705,67999351.478,6.791423160107804,93.2085768398922
411,2018_AZ,2018,AZ,98776307.375,12862782.54,111639089.91499999,11.521755103694854,88.47824489630514
412,2018_CA,2018,CA,110270599.652,84942259.987,195212859.639,43.51263546063544,56.48736453936456
413,2018_CO,2018,CO,42841126.981,12534604.569,55375731.55,22.6355557175479,77.3644442824521
414,2018_CT,2018,CT,37556607.678,1896943.897,39453551.575,4.808043436581285,95.19195656341871
415,2018_DC,2018,DC,18328.0,56561.0,74889.0,75.52644580646023,24.473554193539773
416,2018_DE,2018,DE,6126547.227,114096.71,6240643.937,1.8282842468152176,98.17171575318478
417,2018_FL,2018,FL,234247025.60300002,9209160.881000001,243456186.48400003,3.782676880796877,96.21732311920312
418,2018_GA,2018,GA,119034190.533,10198702.141999999,129232892.67500001,7.8917231758079565,92.10827682419203
419,2018_HI,2018,HI,8304785.837,1491987.101,9796772.938000001,15.229373084812838,84.77062691518715
420,2018_IA,2018,IA,40735666.204,22456298.607,63191964.811000004,35.53663614379493,64.46336385620506
421,2018_ID,2018,ID,3363109.34,14809010.331,18172119.671,81.49302667554505,18.506973324454947
422,2018_IL,2018,IL,175465365.987,12524852.25,187990218.237,6.662502106471237,93.33749789352876
423,2018_IN,2018,IN,107019569.175,6431581.911,113451151.086,5.669031869165112,94.33096813083489
424,2018_KS,2018,KS,32678545.009,19005200.2,51683745.209,36.77210334341349,63.227896656586516
425,2018_KY,2018,KY,73916673.425,4887822.884,78804496.309,6.202467007509795,93.79753299249019
426,2018_LA,2018,LA,98004747.409,3857676.724,101862424.133,3.787144039457669,96.21285596054233
427,2018_MA,2018,MA,23288079.642,3835362.542,27123442.184,14.140397505529235,85.85960249447076
428,2018_MD,2018,MD,39142255.386,4641267.865,43783523.251,10.60048968282605,89.39951031717395
429,2018_ME,2018,ME,2855375.6720000003,8425323.95,11280699.622,74.6879558211855,25.312044178814503
430,2018_MI,2018,MI,106737600.217,9097322.899,115834923.116,7.853696151625804,92.14630384837419
431,2018_MN,2018,MN,46672194.345,14753334.556,61425528.901,24.018245866108963,75.98175413389103
432,2018_MO,2018,MO,77370077.626,3934151.35,81304228.976,4.838802851400648,95.16119714859937
433,2018_MS,2018,MS,61708633.474,1765137.952,63473771.426,2.780893449915547,97.21910655008446
434,2018_MT,2018,MT,14599487.405,13595687.0,28195174.405,48.219907437738726,51.780092562261274
435,2018_NC,2018,NC,118354661.766,15807845.22,134162506.986,11.782610190527794,88.2173898094722
436,2018_ND,2018,ND,28701215.877,13911326.0,42612541.877000004,32.6460834938096,67.35391650619039
437,2018_NE,2018,NE,29914611.805,7051604.037,36966215.842,19.075807129244104,80.92419287075589
438,2018_NH,2018,NH,13867501.776,3195533.59,17063035.366,18.727814374501367,81.27218562549864
439,2018_NJ,2018,NJ,72637201.185,2338349.229,74975550.414,3.118815688698653,96.88118431130135
440,2018_NM,2018,NM,24913047.716,7621795.755,32534843.470999997,23.426563468159003,76.573436531841
441,2018_NV,2018,NV,29212684.462,10394984.19,39607668.652,26.244877680966717,73.75512231903329
442,2018_NY,2018,NY,95997980.963,36502600.428,132500581.391,27.549011517378453,72.45098848262155
443,2018_OH,2018,OH,123364540.953,2820069.164,126184610.117,2.234875680469429,97.76512431953057
444,2018_OK,2018,OK,56591303.265,29632417.314,86223720.579,34.366897084718296,65.63310291528171
445,2018_OR,2018,OR,19207750.334,44710081.594,63917831.927999996,69.94930873807407,30.050691261925934
446,2018_PA,2018,PA,205117825.396,10268004.703,215385830.099,4.767261011683272,95.23273898831673
447,2018_RI,2018,RI,7970170.318,402603.12,8372773.438,4.808479806377868,95.19152019362213
448,2018_SC,2018,SC,94238886.233,5083837.246,99322723.479,5.118503669580593,94.8814963304194
449,2018_SD,2018,SD,3513451.7029999997,9102944.0,12616395.703,72.15170017087725,27.84829982912276
450,2018_TN,2018,TN,70675086.97,10863930.667,81539017.637,13.323597685913583,86.67640231408642
451,2018_TX,2018,TX,395229517.53,81605420.063,476834937.59299994,17.113976688648997,82.88602331135101
452,2018_UT,2018,UT,34904869.346,4470555.0,39375424.346,11.353668117240613,88.64633188275938
453,2018_VA,2018,VA,88678494.713,5880465.621,94558960.334,6.218834894365474,93.78116510563453
454,2018_VT,2018,VT,4632.243,2170374.232,2175006.4749999996,99.78702394437701,0.21297605562300687
455,2018_WA,2018,WA,26069872.848,90676991.183,116746864.031,77.6697446527749,22.330255347225105
456,2018_WI,2018,WI,60288325.757,5513775.806,65802101.563,8.379330864867624,91.62066913513237
457,2018_WV,2018,WV,63631398.482,3617627.0,67249025.482,5.379448957172325,94.62055104282769
458,2018_WY,2018,WY,41078452.268,5033683.71,46112135.978,10.91617988028479,89.08382011971521
459,2019_AK,2019,AK,4264738.123,1803504.063,6068242.186,29.7203705409262,70.2796294590738
460,2019_AL,2019,AL,127531820.485,15147612.174,142679432.659,10.616535187802704,89.38346481219729
461,2019_AR,2019,AR,58129773.632,5727965.132,63857738.764,8.969884062398336,91.03011593760166
462,2019_AZ,2019,AZ,101099801.636,12268826.51,113368628.14600001,10.822064896295458,89.17793510370454
463,2019_CA,2019,CA,104363268.354,97384559.437,201747827.791,48.27043765640204,51.729562343597955
464,2019_CO,2019,CO,42485115.302999996,13851757.755,56336873.058,24.587374135478417,75.41262586452157
465,2019_CT,2019,CT,38141740.617,1908297.413,40050038.03,4.764783023603036,95.23521697639696
466,2019_DC,2019,DC,110123.04000000001,63957.0,174080.04,36.73999615349353,63.26000384650647
467,2019_DE,2019,DE,5138071.972,120466.01,5258537.982,2.290865073378869,97.70913492662113
468,2019_FL,2019,FL,234827314.223,10122607.196,244949921.419,4.132521103644176,95.86747889635582
469,2019_GA,2019,GA,117701120.316,10893996.182,128595116.498,8.471547348510262,91.52845265148974
470,2019_HI,2019,HI,8342444.9290000005,1407553.163,9749998.092,14.436445522537236,85.56355447746277
471,2019_IA,2019,IA,35317268.953,27332293.786,62649562.739,43.62726983405642,56.37273016594357
472,2019_ID,2019,ID,4353579.08,14030774.832,18384353.912,76.31910753655427,23.68089246344574
473,2019_IL,2019,IL,169235636.52,15057343.779,184292980.29900002,8.170329523441811,91.82967047655818
474,2019_IN,2019,IN,94846554.232,7281213.127,102127767.359,7.129513662435258,92.87048633756474
475,2019_KS,2019,KS,29669933.963,21218057.74,50887991.702999994,41.69560839389371,58.3043916061063
476,2019_KY,2019,KY,67153657.292,4650596.473,71804253.765,6.47677014821491,93.52322985178509
477,2019_LA,2019,LA,95877318.602,3592643.347,99469961.949,3.6117871934464114,96.38821280655358
478,2019_MA,2019,MA,17685663.947,3827556.455,21513220.402000003,17.791648035382774,82.20835196461721
479,2019_MD,2019,MD,35404756.251,3920839.048,39325595.299,9.970196301388734,90.02980369861126
480,2019_ME,2019,ME,2144074.346,8346487.664,10490562.01,79.56187338718186,20.438126612818145
481,2019_MI,2019,MI,107397847.46,9291376.046,116689223.506,7.962497107131964,92.03750289286803
482,2019_MN,2019,MN,44664978.35,14714044.866,59379023.216000006,24.77987017818646,75.22012982181353
483,2019_MO,2019,MO,71592293.095,5630565.09,77222858.185,7.291319205656775,92.70868079434322
484,2019_MS,2019,MS,64241061.913,1717697.786,65958759.699,2.6041996451095213,97.39580035489048
485,2019_MT,2019,MT,15369666.665,12427412.0,27797078.665,44.70761891841414,55.29238108158586
486,2019_NC,2019,NC,114362804.554,16641801.971,131004606.525,12.7032189267514,87.2967810732486
487,2019_ND,2019,ND,26754821.895999998,14392501.61,41147323.506,34.977977626907666,65.02202237309233
488,2019_NE,2019,NE,28630046.725,8667568.704,37297615.429000005,23.238935262495914,76.76106473750407
489,2019_NH,2019,NH,14862544.722,3164050.103,18026594.825,17.55212303663679,82.44787696336321
490,2019_NJ,2019,NJ,68534233.874,2453941.082,70988174.956,3.456830779944696,96.5431692200553
491,2019_NM,2019,NM,26677658.052,8496851.828,35174509.88,24.156276397276127,75.84372360272387
492,2019_NV,2019,NV,28544286.561,11345373.21,39889659.771,28.44189014178594,71.55810985821407
493,2019_NY,2019,NY,93371666.595,38196355.48,131568022.07499999,29.031640726670094,70.96835927332991
494,2019_OH,2019,OH,116141524.911,3266270.231,119407795.142,2.7353911251068195,97.26460887489317
495,2019_OK,2019,OK,52032341.698,33184159.47,85216501.168,38.94100205379134,61.05899794620866
496,2019_OR,2019,OR,23507590.931,38750787.005,62258377.936000004,62.241883405370444,37.758116594629556
497,2019_PA,2019,PA,219879971.565,9114235.304,228994206.869,3.9801161036418495,96.01988389635815
499,2019_RI,2019,RI,7152058.638,472179.49,7624238.1280000005,6.193136705239068,93.80686329476093
500,2019_SC,2019,SC,94924287.034,5069878.298,99994165.33199999,5.070174125827265,94.92982587417275
501,2019_SD,2019,SD,3800333.708,10706313.0,14506646.708,73.80281063917946,26.197189360820545
502,2019_TN,2019,TN,71435526.946,10796805.709,82232332.655,13.12963570460447,86.87036429539552
503,2019_TX,2019,TX,392247463.286,90832358.092,483079821.378,18.80276386475798,81.19723613524201
504,2019_UT,2019,UT,34855764.656,4249998.49,39105763.146000005,10.867959472195386,89.1320405278046
505,2019_VA,2019,VA,91158740.295,5668898.995,96827639.29,5.854628943313981,94.14537105668602
506,2019_VT,2019,VT,1912.685,2287885.317,2289798.002,99.91646926941462,0.08353073058537851
507,2019_WA,2019,WA,32106951.291,74356656.934,106463608.225,69.84232281218084,30.157677187819175
508,2019_WI,2019,WI,56117551.394999996,5903788.537,62021339.932,9.518963220518769,90.48103677948123
509,2019_WV,2019,WV,60588529.885,3337109.0,63925638.885,5.2202982374620355,94.77970176253795
510,2019_WY,2019,WY,36810273.706,5335383.0,42145656.706,12.659389880239868,87.34061011976013
511,2020_AK,2020,AK,4342032.78,1814014.658,6156047.438,29.467197520319043,70.53280247968095
512,2020_AL,2020,AL,119834630.939,17007401.831,136842032.76999998,12.428492537512605,87.5715074624874
513,2020_AR,2020,AR,48839977.776,5801280.926,54641258.702,10.61703383818217,89.38296616181783
514,2020_AZ,2020,AZ,96114769.384,13190287.53,109305056.914,12.06740831796828,87.93259168203171
515,2020_CA,2020,CA,110674672.973,82279481.658,192954154.631,42.6419849913825,57.3580150086175
516,2020_CO,2020,CO,37218613.603,16573573.149,53792186.752000004,30.810372564717852,69.18962743528215
517,2020_CT,2020,CT,39265173.151,1925399.351,41190572.502000004,4.67436899767905,95.32563100232095
518,2020_DC,2020,DC,106973.53,67547.09,174520.62,38.70436055063293,61.295639449367066
519,2020_DE,2020,DE,5073978.021,131394.0,5205372.021,2.5241999893555738,97.47580001064443
520,2020_FL,2020,FL,238451609.071,12328825.453,250780434.52400002,4.916183144989373,95.08381685501062
521,2020_GA,2020,GA,105671812.636,13921562.969,119593375.605,11.640747573662402,88.3592524263376
522,2020_HI,2020,HI,7439241.487,1629998.899,9069240.386,17.97282715668443,82.02717284331557
523,2020_IA,2020,IA,24199572.149,35437099.337,59636671.486,59.42165861037202,40.57834138962797
524,2020_ID,2020,ID,4229986.388,13444585.196,17674571.584,76.06738942499055,23.93261057500946
525,2020_IL,2020,IL,156507019.248,16830687.002,173337706.25,9.709766770379193,90.29023322962081
526,2020_IN,2020,IN,82684282.248,7388006.492,90072288.74,8.202307941042779,91.79769205895722
527,2020_KS,2020,KS,30424312.396,24117519.0,54541831.396,44.21838868023184,55.78161131976817
528,2020_KY,2020,KY,58118197.532000005,5395636.12,63513833.652,8.495214049845181,91.50478595015483
529,2020_LA,2020,LA,97195892.164,3358812.275,100554704.43900001,3.340283573741269,96.65971642625873
530,2020_MA,2020,MA,14202264.683,3992900.334,18195165.017,21.944842656108786,78.05515734389121
531,2020_MD,2020,MD,32578880.633,3419451.863,35998332.496,9.498917382853655,90.50108261714635
532,2020_ME,2020,ME,2237748.606,7764121.54,10001870.146,77.62669807411035,22.373301925889653
533,2020_MI,2020,MI,96709974.113,9914747.028,106624721.141,9.298731965628109,90.70126803437189
534,2020_MN,2020,MN,40636377.749,15864248.44,56500626.188999996,28.07800463473196,71.92199536526805
535,2020_MO,2020,MO,66442664.038,5428458.201,71871122.23900001,7.55304499482869,92.4469550051713
536,2020_MS,2020,MS,64651956.597,1847331.732,66499288.329,2.777972183492358,97.22202781650763
537,2020_MT,2020,MT,9481171.029000001,13872119.0,23353290.029,59.40113355665806,40.59886644334195
538,2020_NC,2020,NC,105124841.7,19209423.476,124334265.176,15.449822660558063,84.55017733944194
539,2020_ND,2020,ND,26091656.078,16084768.0,42176424.078,38.1368699495558,61.863130050444205
540,2020_NE,2020,NE,26107499.427,10648739.894,36756239.321,28.971244313114582,71.02875568688542
541,2020_NH,2020,NH,13673378.309,2667594.702,16340973.011,16.324576879261084,83.67542312073891
542,2020_NJ,2020,NJ,58578058.0,2528400.278,61106458.278,4.137697306064117,95.86230269393589
543,2020_NM,2020,NM,24755708.642,9250129.906,34005838.548,27.20159331740411,72.79840668259588
544,2020_NV,2020,NV,28728879.136,11606341.0,40335220.136,28.774705978711406,71.22529402128859
545,2020_NY,2020,NY,91870655.373,37541300.25,129411955.623,29.009143760538226,70.99085623946178
546,2020_OH,2020,OH,117491996.397,3500736.807,120992733.204,2.8933446780622574,97.10665532193774
547,2020_OK,2020,OK,49722083.466,32575748.141,82297831.607,39.58275388902131,60.417246110978695
548,2020_OR,2020,OR,20652012.104,42972769.83,63624781.934,67.540930630736,32.45906936926398
549,2020_PA,2020,PA,221360617.648,8774335.29,230134952.938,3.812691283085481,96.18730871691452
551,2020_RI,2020,RI,8276843.859,616896.8,8893740.659,6.936302998398461,93.06369700160154
552,2020_SC,2020,SC,91547962.82699999,6980834.306,98528797.13299999,7.085070059849465,92.91492994015054
553,2020_SD,2020,SD,2758068.752,11388457.536,14146526.288,80.5035618225262,19.496438177473806
554,2020_TN,2020,TN,66730539.426,13835470.672,80566010.098,17.172838341095233,82.82716165890476
555,2020_TX,2020,TX,369966927.526,103399309.185,473366236.711,21.843406049284297,78.1565939507157
556,2020_UT,2020,UT,32442621.384999998,4644687.47,37087308.855,12.523657319433187,87.47634268056682
557,2020_VA,2020,VA,96500537.882,6299318.831,102799856.713,6.127750594620617,93.87224940537938
558,2020_VT,2020,VT,1231.016,2153687.046,2154918.062,99.942874115647,0.05712588435299867
559,2020_WA,2020,WA,28922609.346,87156564.796,116079174.142,75.08372233022705,24.91627766977295
560,2020_WI,2020,WI,55655306.288,5785231.023,61440537.311000004,9.41598377259673,90.58401622740327
561,2020_WV,2020,WV,53165247.862,3496285.0,56661532.862,6.1704737295322625,93.82952627046774
562,2020_WY,2020,WY,35246992.528,6763997.0,42010989.528,16.10054196769597,83.89945803230403
563,2021_AK,2021,AK,4736635.105,1859182.956,6595818.061000001,28.187298964370267,71.81270103562973
564,2021_AL,2021,AL,127405811.156,15326049.284,142731860.44,10.737651171052024,89.26234882894798
565,2021_AR,2021,AR,55666798.131,5433269.943,61100068.074,8.892412257903896,91.1075877420961
566,2021_AZ,2021,AZ,93915910.986,14585061.78,108500972.766,13.442332735076079,86.55766726492392
567,2021_CA,2021,CA,116032944.173,80910815.29,196943759.463,41.08320848074437,58.91679151925563
568,2021_CO,2021,CO,38250933.994,18581640.372,56832574.366000004,32.69540501954886,67.30459498045114
569,2021_CT,2021,CT,42567139.073,1512803.587,44079942.66,3.431954525596019,96.56804547440399
570,2021_DC,2021,DC,110489.478,73990.042,184479.52000000002,40.107455830327396,59.892544169672604
571,2021_DE,2021,DE,4169503.0,135623.0,4305126.0,3.150267843496334,96.84973215650366
572,2021_FL,2021,FL,232671650.668,13513614.011,246185264.67900002,5.489205062139015,94.510794937861
573,2021_GA,2021,GA,109959176.752,14240598.998,124199775.75,11.465881409210194,88.53411859078982
574,2021_HI,2021,HI,7435706.052999999,1744884.444,9180590.497,19.00623325449694,80.99376674550307
575,2021_IA,2021,IA,28702252.616,38496472.796,67198725.412,57.28750442806092,42.71249557193908
576,2021_ID,2021,ID,5013632.421,11820767.766,16834400.187,70.21793253512134,29.782067464878665
577,2021_IL,2021,IL,161170791.345,20125654.51,181296445.855,11.100964729389345,88.89903527061065
578,2021_IN,2021,IN,84918967.464,9207699.264,94126666.728,9.78224299667139,90.21775700332861
579,2021_KS,2021,KS,30787288.919,25785771.0,56573059.919,45.5795939567693,54.4204060432307
580,2021_KY,2021,KY,64571229.175,5333584.91,69904814.085,7.629781982560867,92.37021801743914
581,2021_LA,2021,LA,94213789.032,2954006.957,97167795.98900001,3.040109047378631,96.95989095262136
582,2021_MA,2021,MA,16015137.413,3414278.97,19429416.383,17.572730455184253,82.42726954481574
583,2021_MD,2021,MD,34525253.427,3641464.772,38166718.199,9.54094285239177,90.45905714760822
584,2021_ME,2021,ME,3692709.17,7208236.707,10900945.877,66.12487382593763,33.87512617406237
585,2021_MI,2021,MI,104359033.399,10940056.174,115299089.573,9.488415055587632,90.51158494441238
586,2021_MN,2021,MN,43070647.832,16087056.566,59157704.398,27.193510515164395,72.8064894848356
587,2021_MO,2021,MO,68468366.076,8473044.012,76941410.088,11.012332633765286,88.98766736623472
588,2021_MS,2021,MS,65932017.323,1791479.768,67723497.091,2.6452853809258996,97.35471461907409
589,2021_MT,2021,MT,12151186.208,12796737.0,24947923.208,51.293796655172066,48.706203344827934
590,2021_NC,2021,NC,111415460.664,18314835.595,129730296.259,14.117624119531303,85.8823758804687
591,2021_ND,2021,ND,26106346.971,16926020.0,43032366.971,39.33323029013634,60.66676970986366
592,2021_NE,2021,NE,27042706.633,10868191.264,37910897.897,28.66772317956635,71.33227682043366
593,2021_NH,2021,NH,14731620.305,2461609.287,17193229.592,14.31731760358383,85.68268239641617
594,2021_NJ,2021,NJ,59430301.722,1991496.641,61421798.363000005,3.242328772645741,96.75767122735425
595,2021_NM,2021,NM,22547036.688,12526319.987,35073356.675,35.714631203031274,64.28536879696874
596,2021_NV,2021,NV,28917763.006,12805557.0,41723320.006,30.691606032689883,69.30839396731012
597,2021_NY,2021,NY,88267650.051,35502058.872,123769708.92300001,28.683964098264664,71.31603590173533
598,2021_OH,2021,OH,121140402.888,4468789.131,125609192.019,3.557692760513927,96.44230723948608
599,2021_OK,2021,OK,45140133.193,35614452.871,80754586.06400001,44.10208089330637,55.897919106693614
600,2021_OR,2021,OR,21332513.851,39684360.308,61016874.158999994,65.03833710751725,34.96166289248276
601,2021_PA,2021,PA,233391972.489,7887635.37,241279607.859,3.2690849591439197,96.73091504085608
603,2021_RI,2021,RI,8648200.953,666360.38,9314561.333,7.153964166183455,92.84603583381653
604,2021_SC,2021,SC,92105905.689,6008041.466,98113947.155,6.123534563856167,93.87646543614383
605,2021_SD,2021,SD,2988436.907,14333972.098,17322409.005,82.74814486751,17.251855132489986
606,2021_TN,2021,TN,67696566.399,11360643.116,79057209.515,14.37015445611507,85.62984554388493
607,2021_TX,2021,TX,364039499.683,116574868.689,480614368.37200004,24.255385681430557,75.74461431856945
608,2021_UT,2021,UT,37261834.838,5298537.82,42560372.658,12.449462937219003,87.550537062781
609,2021_VA,2021,VA,85940749.052,7162520.327,93103269.37900001,7.6930921704190425,92.30690782958095
610,2021_VT,2021,VT,7120.896,2100581.965,2107702.861,99.66214896170793,0.33785103829206214
611,2021_WA,2021,WA,28568315.122,82240085.492,110808400.614,74.21827680600008,25.781723193999934
612,2021_WI,2021,WI,59065729.824,5176813.176,64242543.0,8.058232028579566,91.94176797142045
613,2021_WV,2021,WV,62497197.119,3338866.0,65836063.119,5.071484900251299,94.9285150997487
614,2021_WY,2021,WY,34043367.124,9417377.0,43460744.124,21.668697096236585,78.33130290376342
615,2022_AK,2022,AK,4800590.589,1893537.788,6694128.376999999,28.286547274861146,71.71345272513886
616,2022_AL,2022,AL,130515964.313,14272928.72,144788893.033,9.857751116825614,90.14224888317439
617,2022_AR,2022,AR,60791215.994,5113814.207,65905030.201000005,7.759368581432509,92.24063141856749
618,2022_AZ,2022,AZ,90466503.488,14232269.47,104698772.958,13.593539893451556,86.40646010654845
619,2022_CA,2022,CA,115972623.653,87283761.7,203256385.353,42.942691098443134,57.057308901556866
620,2022_CO,2022,CO,37214680.674,20797574.161,58012254.835,35.85031166285988,64.14968833714012
621,2022_CT,2022,CT,41514976.787,1246392.747,42761369.534,2.9147633964552524,97.08523660354474
622,2022_DC,2022,DC,80289.94900000001,79946.99100000001,160236.94,49.89298410216771,50.1070158978323
623,2022_DE,2022,DE,5161142.019,147228.0,5308370.019,2.7735067350812717,97.22649326491873
624,2022_FL,2022,FL,242541298.274,15414206.264,257955504.538,5.975529109800136,94.02447089019986
625,2022_GA,2022,GA,111276218.681,15208414.035,126484632.71599999,12.023922359918569,87.97607764008143
626,2022_HI,2022,HI,7561480.549,1742711.353,9304191.901999999,18.73038917679022,81.26961082320979
627,2022_IA,2022,IA,25596726.803,47312659.292,72909386.095,64.89241211049591,35.107587889504096
628,2022_ID,2022,ID,4391835.279,11886574.463,16278409.741999999,73.0204894175344,26.979510582465593
629,2022_IL,2022,IL,159757434.339,25440114.392,185197548.73099998,13.736744663371244,86.26325533662876
630,2022_IN,2022,IN,86197941.38,11824226.285,98022167.66499999,12.062808410246966,87.93719158975304
631,2022_KS,2022,KS,32348466.349,29846374.0,62194840.349,47.98850488645058,52.01149511354942
632,2022_KY,2022,KY,64123080.065000005,5023853.46,69146933.525,7.265475421529185,92.73452457847081
633,2022_LA,2022,LA,102034451.966,3188920.552,105223372.518,3.0306199807979812,96.96938001920202
634,2022_MA,2022,MA,17461825.179,3561104.18,21022929.359,16.93914353793648,83.06085646206351
635,2022_MD,2022,MD,33830802.867,3303291.286,37134094.153,8.895575242497555,91.10442475750244
636,2022_ME,2022,ME,4739855.461,8024064.381,12763919.842,62.86520504928755,37.13479495071245
637,2022_MI,2022,MI,103828853.56,12786276.486,116615130.046,10.964509048659746,89.03549095134025
638,2022_MN,2022,MN,39837295.302,19129595.597,58966890.899000004,32.44124847919429,67.5587515208057
639,2022_MO,2022,MO,70021686.98,9339344.117,79361031.097,11.76817386052466,88.23182613947534
640,2022_MS,2022,MS,65980017.801,1801221.729,67781239.53,2.6574045288781987,97.3425954711218
641,2022_MT,2022,MT,13121388.178,13967352.0,27088740.178,51.56146763644447,48.43853236355553
642,2022_NC,2022,NC,115935260.876,18317511.223,134252772.099,13.644046924775896,86.35595307522411
643,2022_ND,2022,ND,26359628.971,18041297.0,44400925.971,40.632704398515216,59.36729560148479
644,2022_NE,2022,NE,26858959.292,13833758.762,40692718.054,33.99566168974593,66.00433831025408
645,2022_NH,2022,NH,16224092.814,2540277.394,18764370.208,13.537770603763605,86.4622293962364
646,2022_NJ,2022,NJ,62978175.247,2060954.736,65039129.983,3.1687919819018098,96.8312080180982
647,2022_NM,2022,NM,24288703.0,16564642.799,40853345.799,40.546600223390925,59.453399776609075
648,2022_NV,2022,NV,27594887.045,14238054.0,41832941.045,34.03550800954688,65.96449199045313
649,2022_NY,2022,NY,89264105.366,35209504.737,124473610.103,28.286722549353776,71.71327745064622
650,2022_OH,2022,OH,130698323.797,5104404.585,135802728.382,3.758690746361002,96.241309253639
651,2022_OK,2022,OK,45009859.592,39625062.703,84634922.295,46.818809102092054,53.18119089790794
652,2022_OR,2022,OR,19091900.424,42163000.419,61254900.842999995,68.83204419360062,31.167955806399377
653,2022_PA,2022,PA,231947620.333,7313509.869,239261130.202,3.0567062283896487,96.94329377161036
655,2022_RI,2022,RI,7017138.828,787261.36,7804400.188,10.087403785501522,89.91259621449848
656,2022_SC,2022,SC,92985713.297,5672375.814,98658089.111,5.74952937474597,94.25047062525404
657,2022_SD,2022,SD,3315989.953,14584472.413,17900462.366,81.47539496354929,18.524605036450712
658,2022_TN,2022,TN,68200215.157,9832575.471,78032790.628,12.600568801741458,87.39943119825854
659,2022_TX,2022,TX,385214008.505,136667125.438,521881133.94299996,26.18740486084075,73.81259513915926
660,2022_UT,2022,UT,33677035.89,5709007.22,39386043.11,14.495000688582751,85.50499931141725
661,2022_VA,2022,VA,81520112.69,7957211.956,89477324.646,8.892992707908059,91.10700729209195
662,2022_VT,2022,VT,9630.8,2173006.304,2182637.104,99.55875395033146,0.4412460496685481
663,2022_WA,2022,WA,28300333.073,88350296.88,116650629.953,75.73923682675134,24.260763173248666
664,2022_WI,2022,WI,55465628.547,5763137.222,61228765.769,9.412466754176947,90.58753324582305
665,2022_WV,2022,WV,53001001.769,3664359.0,56665360.769,6.466664908281439,93.53333509171856
666,2022_WY,2022,WY,35500180.932,10710796.0,46210976.932,23.178034118952006,76.82196588104799
